set_name,file_name
train,105.avi
train,106.avi
train,107.avi
train,108.avi
train,110.avi
train,111.avi
train,112.avi
train,113.avi
train,114.avi
train,116.avi
train,117.avi
train,118.avi
train,120.avi
train,121.avi
train,122.avi
train,123.avi
train,125.avi
train,126.avi
train,127.avi
train,128.avi
train,129.avi
train,131.avi
train,132.avi
train,133.avi
train,134.avi
train,135.avi
train,136.avi
train,137.avi
train,138.avi
train,140.avi
train,141.avi
train,143.avi
train,144.avi
train,146.avi
train,148.avi
train,149.avi
train,150.avi
train,151.avi
train,153.avi
train,154.avi
train,155.avi
train,156.avi
train,157.avi
train,158.avi
train,160.avi
train,161.avi
train,162.avi
train,163.avi
train,166.avi
train,167.avi
train,168.avi
train,169.avi
train,171.avi
train,172.avi
train,175.avi
train,176.avi
train,177.avi
train,178.avi
train,179.avi
train,181.avi
train,182.avi
train,183.avi
train,184.avi
train,185.avi
train,186.avi
train,187.avi
train,188.avi
train,189.avi
train,190.avi
train,191.avi
train,192.avi
train,193.avi
train,195.avi
train,196.avi
train,198.avi
train,200.avi
train,201.mp4
train,202.mp4
train,203.mp4
train,206.mp4
train,207.mp4
train,208.mp4
train,210.mp4
train,211.mp4
train,212.mp4
train,213.mp4
train,214.mp4
train,215.mp4
train,216.mp4
train,218.mp4
train,220.mp4
train,221.mp4
train,223.mp4
train,224.mp4
train,225.mp4
train,226.mp4
train,227.mp4
train,228.mp4
train,229.mp4
train,230.mp4
train,231.mp4
train,232.mp4
train,233.mp4
train,234.mp4
train,235.mp4
train,236.mp4
train,237.mp4
train,238.mp4
train,239.mp4
train,240.mp4
train,242.mp4
train,243.mp4
train,245.mp4
train,246.mp4
train,247.mp4
train,248.mp4
train,249.mp4
train,250.mp4
train,251.mp4
train,252.mp4
train,253.mp4
train,254.mp4
train,255.mp4
train,256.mp4
train,257.mp4
train,258.mp4
train,259.mp4
train,260.mp4
train,261.mp4
train,262.mp4
train,264.mp4
train,266.mp4
train,269.mp4
train,270.mp4
train,271.mp4
train,272.mp4
train,273.mp4
train,275.mp4
train,276.mp4
train,277.mp4
train,278.mp4
train,279.mp4
train,280.mp4
train,282.mp4
train,283.mp4
train,285.mp4
train,286.mp4
train,287.mp4
train,288.mp4
train,290.mp4
train,291.mp4
train,292.mp4
train,293.mp4
train,294.mp4
train,295.mp4
train,296.mp4
train,297.mp4
train,298.mp4
train,299.mp4
train,303.mp4
train,305.mp4
train,306.mp4
train,308.mp4
train,309.mp4
train,312.mp4
train,313.mp4
train,314.mp4
train,315.mp4
train,317.mp4
train,318.mp4
train,319.mp4
train,320.mp4
train,321.mp4
train,323.mp4
train,324.mp4
train,325.mp4
train,326.mp4
train,327.mp4
train,328.mp4
train,329.mp4
train,330.mp4
train,331.mp4
train,332.mp4
train,334.mp4
train,335.mp4
train,337.mp4
train,339.mp4
train,341.mp4
train,345.mp4
train,346.mp4
train,347.mp4
train,348.mp4
train,350.mp4
train,354.mp4
train,355.mp4
train,359.mp4
train,360.mp4
train,361.mp4
train,362.mp4
train,363.mp4
train,364.mp4
train,368.mp4
train,369.mp4
train,371.mp4
train,372.mp4
train,373.mp4
train,374.mp4
train,376.mp4
train,377.mp4
train,378.mp4
train,383.mp4
train,384.mp4
train,385.mp4
train,386.mp4
train,387.mp4
train,388.mp4
train,389.mp4
train,391.mp4
train,392.mp4
train,393.mp4
train,394.mp4
train,395.mp4
train,398.mp4
train,399.mp4
train,400.mp4
train,402.mp4
train,403.mp4
train,406.mp4
train,407.mp4
train,409.mp4
train,412.mp4
train,415.mp4
train,418.mp4
train,419.mp4
train,420.mp4
train,421.mp4
train,423.mp4
train,424.mp4
train,425.mp4
train,426.mp4
train,427.mp4
train,428.mp4
train,429.mp4
train,430.mp4
train,433.mp4
train,435.mp4
train,440.mp4
train,441.mp4
train,446.mp4
train,447.mp4
train,448.mp4
train,449.mp4
test,102.avi
test,103.avi
test,119.avi
test,130.avi
test,139.avi
test,147.avi
test,159.avi
test,164.avi
test,165.avi
test,194.avi
test,197.avi
test,199.avi
test,204.mp4
test,209.mp4
test,219.mp4
test,241.mp4
test,244.mp4
test,265.mp4
test,267.mp4
test,268.mp4
test,274.mp4
test,281.mp4
test,284.mp4
test,289.mp4
test,304.mp4
test,307.mp4
test,311.mp4
test,322.mp4
test,336.mp4
test,344.mp4
test,349.mp4
test,353.mp4
test,357.mp4
test,358.mp4
test,365.mp4
test,367.mp4
test,370.mp4
test,375.mp4
test,380.mp4
test,381.mp4
test,382.mp4
test,408.mp4
test,416.mp4
test,434.mp4
test,439.mp4
test,450.mp4
